"job_type","shoe_type","hours_on_feet","weight","age","standing_ratio","fatigue_score"
"warehouse_worker","sneaker",6.35512567632775,176.269380424634,53,0.6,28.86
"retail_worker","dress_shoe",5.76222211555599,214.97507916816,38,0.85,28.63
"warehouse_worker","boot",8.50362371341521,154.171446400685,30,0.6,42.15
"nurse","sneaker",13,173.04085308076,23,0.5,62.38
"restaurant_staff","sneaker",9.05724946531635,146.807359939962,30,0.4,37.48
"bus_driver","dress_shoe",4.11562657054995,148.109183431503,30,0.1,7.83
"construction_worker","boot",6.7349901794019,163.27456971635,32,0.7,25.55
"nurse","clog",9.82966538564717,187.07172856423,48,0.5,46.13
"bus_driver","sneaker",5.51629448753108,205.760879097532,42,0.1,9.34
"bus_driver","dress_shoe",5.98461185218805,160.566276601102,25,0.1,10.15
"warehouse_worker","sneaker",8.60692097837587,150.139701486624,34,0.6,39.85
"restaurant_staff","sneaker",7.12459033553372,176.509903544367,36,0.4,28.86
"restaurant_staff","sneaker",9.7725320961385,201.200961782996,27,0.4,40.3
"nurse","clog",10.5372248537571,189.471147763501,35,0.5,49.82
"construction_worker","boot",8.85945105573975,169.22588868903,63,0.7,34.06
"construction_worker","boot",6.58472837404303,129.804268056598,47,0.7,24.97
"nurse","clog",10.9003321838671,153.494783498922,22,0.5,50.14
"warehouse_worker","sneaker",6.56702019771842,193.17643905414,65,0.6,31.09
"restaurant_staff","sneaker",9.61677548480844,195.589668839317,52,0.4,41.01
"restaurant_staff","sneaker",5.29253633927596,139.573009733188,23,0.4,19.89
"warehouse_worker","sneaker",8.71463054468339,174.374658173873,64,0.6,41.53
"warehouse_worker","sneaker",8.75362885331701,153.665026698405,60,0.6,41.42
"construction_worker","boot",7.01573078484298,220.378345316227,62,0.7,26.71
"restaurant_staff","clog",9.17469145946532,175.587592792909,62,0.4,38.93
"restaurant_staff","clog",6.43880534931763,137.873993118716,54,0.4,27.05
"nurse","clog",12.505276423014,182.086449811641,21,0.5,59.83
"nurse","sneaker",9.04920697642356,158.003598596957,48,0.5,42.3
"construction_worker","boot",9.74262764114464,160.93939907012,22,0.7,37.79
"warehouse_worker","sneaker",8.71765994657181,154.311088343353,23,0.6,39.81
"retail_worker","sneaker",8.45151248773979,198.736320643075,64,0.85,39.89
"warehouse_worker","sneaker",9.48257799773012,145.930379918467,56,0.6,45.72
"retail_worker","dress_shoe",6.87180156491487,232.901853503185,32,0.85,33.28
"bus_driver","dress_shoe",8.95735802171734,193.054738682669,30,0.1,14.97
"construction_worker","boot",9.32958500196387,125.169922490109,40,0.7,36.66
"nurse","clog",10.3148145943348,130.322239424676,27,0.5,48.23
"nurse","sneaker",11.6339948557636,168.928738246653,43,0.5,55.69
"construction_worker","boot",7.36704768442674,163.502685812523,41,0.7,28.06
"retail_worker","dress_shoe",5.56881274255075,179.688069081736,28,0.85,27.33
"retail_worker","sneaker",8.35254710152918,186.093570882195,50,0.85,39.94
"retail_worker","dress_shoe",5.00611723156918,127.413206633634,47,0.85,24.05
"nurse","clog",10.1637747964789,198.630326511054,37,0.5,48.7
"retail_worker","sneaker",7.2944142435917,160.283348283218,41,0.85,34.53
"warehouse_worker","sneaker",8.02931068983492,165.061341302756,38,0.6,37.7
"construction_worker","boot",7.9084797862503,234.806302181868,32,0.7,31.15
"warehouse_worker","sneaker",10.1438330240344,202.178677334696,51,0.6,49.42
"retail_worker","dress_shoe",5.80357428084665,163.901362779207,26,0.85,28.07
"warehouse_worker","sneaker",11.115339029394,170.155476335454,22,0.6,53.47
"construction_worker","boot",7.30406567053944,153.453746257207,41,0.7,28.32
"nurse","sneaker",12.1059897371079,161.329598075749,41,0.5,57.81
"bus_driver","sneaker",6.68382683056309,203.493311214123,26,0.1,10.38
"nurse","clog",12.7523525780466,184.810481655312,32,0.5,62.03
"construction_worker","boot",8.92958510745428,187.972600410185,45,0.7,34.62
"construction_worker","boot",9.40444092093905,159.714518059041,32,0.7,35.81
"nurse","sneaker",11.2173687318877,199.07432350272,65,0.5,53.57
"restaurant_staff","clog",8.63637181553012,192.550762077419,64,0.4,36.35
"nurse","sneaker",13,175.315436331689,52,0.5,62.64
"construction_worker","boot",7.70206878528153,163.413510771467,26,0.7,29.27
"construction_worker","boot",7.67793737290116,149.207428864042,62,0.7,28.84
"construction_worker","boot",4.63227113886054,140.233422650428,29,0.7,16.77
"warehouse_worker","sneaker",8.11541155725744,136.315046748973,26,0.6,36.85
"bus_driver","dress_shoe",7.03619385626057,154.695487732143,28,0.1,11.93
"bus_driver","sneaker",7.68351943342842,181.8790797595,22,0.1,12.56
"construction_worker","boot",9.5504980839736,157.076676555712,32,0.7,36.79
"retail_worker","dress_shoe",6.67173991258786,187.581987335692,37,0.85,32.22
"construction_worker","boot",10.6573129405691,177.100505448123,45,0.7,42.87
"bus_driver","sneaker",7.72049682049643,152.321545108826,36,0.1,12.08
"warehouse_worker","boot",6.62428051101373,172.484739098438,65,0.6,33.29
"retail_worker","dress_shoe",6.76849940823484,176.527275292612,28,0.85,32.67
"restaurant_staff","clog",4.94749469229664,152.030935926848,47,0.4,19.68
"warehouse_worker","boot",10.00720650847,214.696230557526,22,0.6,49.31
"warehouse_worker","boot",9.7256854018375,198.489204276449,59,0.6,48.87
"construction_worker","boot",7.6944884491293,163.07486745512,47,0.7,29.85
"retail_worker","sneaker",6.92951588431469,181.29399558066,53,0.85,31.86
"restaurant_staff","clog",9.44668110026567,207.29457108163,24,0.4,39.48
"restaurant_staff","clog",8.26361248175266,169.172285572256,55,0.4,34.68
"retail_worker","sneaker",5.1425247794922,168.826118129072,22,0.85,23.73
"construction_worker","boot",9.92334954852381,122.134153599575,64,0.7,38.22
"restaurant_staff","sneaker",8.38160508367433,169.671840162135,62,0.4,34.8
"retail_worker","sneaker",5.49048454205715,171.486207732162,52,0.85,25.43
"retail_worker","sneaker",7.77793387713999,141.248321211944,33,0.85,36.23
"warehouse_worker","boot",10.6252402520737,170.112016867788,57,0.6,53.96
"restaurant_staff","clog",8.60984676415938,147.908933965228,47,0.4,36.73
"restaurant_staff","sneaker",9.63072537685551,186.776151816588,31,0.4,40.45
"construction_worker","boot",9.55083750490687,170.12236818289,36,0.7,37.16
"warehouse_worker","boot",10.18537813477,165.473046076752,64,0.6,51.11
"warehouse_worker","boot",9.60736382495432,179.596985596347,32,0.6,48.21
"bus_driver","sneaker",4.73628561159487,146.179973447812,22,0.1,7.51
"construction_worker","boot",9.68485866343432,160.823967549224,49,0.7,37.7
"nurse","clog",9.99711193116851,177.867767870729,62,0.5,48.37
"nurse","sneaker",13,152.268713328731,31,0.5,62.86
"bus_driver","sneaker",7.01361587496343,180.73666436512,65,0.1,11.37
"construction_worker","boot",9.54426233311479,151.740874673831,52,0.7,36.77
"nurse","clog",13,170.66902299382,35,0.5,63.22
"retail_worker","sneaker",6.44043514718019,184.125592262933,21,0.85,29.62
"bus_driver","dress_shoe",5.66865810357534,137.398142503112,31,0.1,9.56
"restaurant_staff","sneaker",9.30286614583141,184.810433973219,65,0.4,39.7
"nurse","sneaker",10.1625132668388,196.349368078483,64,0.5,48.46
"nurse","sneaker",10.932832955958,164.264914179154,48,0.5,52.21
"warehouse_worker","boot",6.86963677453386,149.965532919806,44,0.6,33.44
"bus_driver","sneaker",8.06885419853935,156.703942593292,45,0.1,13.25
"bus_driver","sneaker",5.98220732785389,183.375580795724,45,0.1,10.04
"nurse","clog",10.2979022809255,155.827279672632,30,0.5,47.96
"nurse","clog",11.3610279872965,110.744323878424,32,0.5,54.45
"restaurant_staff","clog",9.78237098598016,211.46595480643,46,0.4,43.03
"nurse","sneaker",9.41005410620474,216.814931685164,33,0.5,43.8
"restaurant_staff","sneaker",8.20553232775964,114.370645700958,53,0.4,34.04
"retail_worker","dress_shoe",7.00239146396506,136.218804188762,47,0.85,34.36
"restaurant_staff","sneaker",10.2701712168638,152.844298638344,21,0.4,43.04
"retail_worker","sneaker",8.96944998137694,190.057613797466,27,0.85,42.41
"construction_worker","boot",5.98294858967862,184.574316174828,21,0.7,22
"warehouse_worker","boot",6.00449693217485,129.508760867915,60,0.6,29.61
"bus_driver","sneaker",3.27899352608432,159.215409903884,47,0.1,5.09
"nurse","clog",13,194.952614552896,42,0.5,63.08
"bus_driver","dress_shoe",5.40166305558841,174.327540809302,62,0.1,8.52
"bus_driver","dress_shoe",6.27549276419892,178.286778941528,59,0.1,10.41
"warehouse_worker","boot",6.1225481778899,194.791409643262,40,0.6,30.56
"restaurant_staff","sneaker",11.5242399809292,211.851837627297,54,0.4,49.4
"construction_worker","boot",8.43548851173349,165.884308242302,32,0.7,32.28
"construction_worker","boot",7.1835209710675,220.318564314767,47,0.7,28.1
"construction_worker","boot",7.711084617569,145.194792043572,28,0.7,28.09
"retail_worker","sneaker",5.15442516614006,131.910544871393,42,0.85,23.49
"retail_worker","dress_shoe",5.01774702987792,154.020257380936,27,0.85,23.98
"warehouse_worker","boot",11.8544842592604,149.805567076984,48,0.6,59.01
"restaurant_staff","sneaker",8.80709687017804,159.194245746076,34,0.4,35.95
"restaurant_staff","sneaker",6.52468652975628,163.889253377514,39,0.4,25.91
"construction_worker","boot",8.48631417256987,135.151862383763,55,0.7,32.3
"warehouse_worker","boot",13,153.471730685062,26,0.6,65.71
"bus_driver","dress_shoe",8.28595356986212,235.029359015112,32,0.1,14.43
"construction_worker","boot",8.23634083319593,185.942499711844,33,0.7,32.07
"bus_driver","sneaker",4.72921425785792,164.019933017318,32,0.1,7.28
"construction_worker","boot",5.06577466629128,223.633627105946,64,0.7,19.61
"bus_driver","sneaker",3.64062318827255,195.754271201421,26,0.1,5.97
"bus_driver","dress_shoe",6.98932630580175,198.411839455189,28,0.1,12.47
"retail_worker","dress_shoe",4.61219815749999,169.734734466837,22,0.85,22
"warehouse_worker","sneaker",8.01313553826322,172.708711472004,22,0.6,37.71
"warehouse_worker","sneaker",7.25734242788333,197.649565730568,62,0.6,34.18
"retail_worker","sneaker",4.56933109992012,147.482020857193,28,0.85,20.34
"nurse","sneaker",9.94274648600482,162.398944963198,45,0.5,46.1
"construction_worker","boot",9.19413906985975,175.760418238566,63,0.7,35.26
"warehouse_worker","sneaker",12.9426150449458,164.16472195977,38,0.6,64.34
"nurse","sneaker",11.5367730427272,175.622327595758,24,0.5,55.08
"bus_driver","sneaker",7.295613826576,208.763648504976,63,0.1,11.47
"retail_worker","dress_shoe",5.9158943705364,214.960511347708,21,0.85,27.63
"warehouse_worker","sneaker",9.54432926818615,148.178333259353,55,0.6,45.89
"bus_driver","sneaker",5.82136399354417,171.657699047839,61,0.1,8.7
"restaurant_staff","clog",11.3680381047389,155.368350981181,33,0.4,49.65
"bus_driver","sneaker",5.06542532646791,172.280626873438,57,0.1,9.01
"retail_worker","sneaker",7.87253775861948,165.767056529615,25,0.85,37.56
"nurse","clog",12.2790527057362,191.983788353348,60,0.5,59.28
"warehouse_worker","boot",7.33191466383485,173.447807876411,53,0.6,35.53
"retail_worker","sneaker",6.48026508927141,182.862098569875,27,0.85,29.97
"warehouse_worker","sneaker",9.6264699052615,179.864605375196,55,0.6,46.34
"retail_worker","sneaker",6.9520543971293,130.385946483306,52,0.85,32.26
"nurse","clog",12.3332192206455,184.716821400256,62,0.5,60.14
"restaurant_staff","sneaker",9.65546152763422,173.96088135333,47,0.4,40.31
"nurse","sneaker",11.5452335638917,156.796149710403,64,0.5,56.15
"nurse","sneaker",13,130.233904860888,20,0.5,62.06
"nurse","clog",9.83746894010101,149.365673387866,57,0.5,46.67
"bus_driver","dress_shoe",6.33355574228305,144.422033655623,40,0.1,10.51
"warehouse_worker","sneaker",7.9135296295441,200.2754983808,39,0.6,36.81
"nurse","sneaker",11.011632000333,188.729641484941,36,0.5,51.94
"bus_driver","dress_shoe",8.24740894665192,189.682543738174,59,0.1,13.52
"bus_driver","sneaker",4.60277955190374,174.669390811891,25,0.1,7.07
"bus_driver","sneaker",5.96318421481857,163.519596578568,29,0.1,9.49
"construction_worker","boot",7.21077129588107,151.302792149726,42,0.7,27.7
"bus_driver","dress_shoe",5.44351041655203,163.256787527206,37,0.1,9.86
"restaurant_staff","clog",8.39663382416148,209.786034350465,52,0.4,34.64
"bus_driver","sneaker",8.70956140352027,179.98621140042,20,0.1,14.11
"warehouse_worker","sneaker",6.950649642127,165.394781771518,28,0.6,31.08
"nurse","clog",9.54129474204313,165.297889423017,38,0.5,44.94
"retail_worker","dress_shoe",7.07291392065678,169.093255200586,65,0.85,35.84
"nurse","clog",12.4547982227367,202.959008643613,38,0.5,61.04
"nurse","clog",11.3057708700655,160.734966804028,34,0.5,53.84
"retail_worker","sneaker",6.26702100297552,150.896326099716,24,0.85,29.32
"restaurant_staff","clog",10.6606439169758,175.284036012436,30,0.4,45.46
"warehouse_worker","sneaker",10.6665016051253,179.705970982441,61,0.6,52.08
"restaurant_staff","clog",9.03386559946578,193.80348788562,65,0.4,38.46
"restaurant_staff","sneaker",8.15928697347442,151.012783318355,43,0.4,33.53
"restaurant_staff","clog",9.10582060068481,181.063189349026,31,0.4,38.64
"retail_worker","dress_shoe",8.72073706620465,166.912522305526,43,0.85,42.19
"construction_worker","boot",6.29912500808612,152.292829771235,35,0.7,24.86
"construction_worker","boot",6.67971785245776,142.784912814539,26,0.7,25.02
"retail_worker","dress_shoe",4.489406450821,134.284954975199,20,0.85,21.43
"construction_worker","boot",9.75010528772326,169.903561254218,35,0.7,38.84
"retail_worker","dress_shoe",6.51586499936697,152.386081109292,57,0.85,31.65
"nurse","sneaker",9.26587533188546,162.689578418686,29,0.5,42.49
"warehouse_worker","boot",8.24222180436661,157.598260444485,21,0.6,41.32
"bus_driver","dress_shoe",5.70140324243014,221.658110316052,21,0.1,9.23
"warehouse_worker","boot",11.7536738040397,211.479512131765,34,0.6,59.69
"construction_worker","boot",9.19121909894087,152.544470477303,35,0.7,35.15
"warehouse_worker","boot",7.94867385166893,222.262784990331,57,0.6,39.77
"retail_worker","sneaker",6.27572777150365,143.771547654323,33,0.85,28.69
"restaurant_staff","sneaker",9.01416800833496,201.002237421069,56,0.4,37.41
"warehouse_worker","sneaker",7.49657754240329,177.7694729697,60,0.6,34.51
"bus_driver","dress_shoe",4.59904480008535,154.191420937204,37,0.1,8.14
"retail_worker","sneaker",5.57467050501243,148.384031431957,43,0.85,25.85
"restaurant_staff","clog",11.3778241638966,193.981178885806,28,0.4,48.57
"retail_worker","dress_shoe",2.9151935537575,194.066553679149,33,0.85,13.82
"warehouse_worker","sneaker",10.2905374991711,146.190158848507,42,0.6,49.35
"warehouse_worker","sneaker",10.3242262954623,190.012206466719,31,0.6,50.17
"restaurant_staff","clog",8.32163222191763,190.073537954471,32,0.4,34.39
"restaurant_staff","clog",7.37053509758407,150.723392290947,45,0.4,29.99
"warehouse_worker","sneaker",9.947099154295,116.019990726279,58,0.6,47.04
"restaurant_staff","clog",3.37645457355933,166.275980302333,34,0.4,13.79
"retail_worker","dress_shoe",2.64032553626735,160.349232293146,54,0.85,14.02
"nurse","sneaker",13,156.829658862303,59,0.5,63.77
"construction_worker","boot",4.22836231705353,206.639214596923,28,0.7,15.99
"nurse","clog",13,170.891038210508,61,0.5,63.44
"warehouse_worker","boot",6.75887218657115,181.47289654633,44,0.6,33.3
"restaurant_staff","clog",8.20445112333321,171.251033458527,44,0.4,34.72
"restaurant_staff","clog",9.10859402169256,206.970581826406,26,0.4,38.63
"construction_worker","boot",7.92637539436802,186.900316858056,34,0.7,30.18
"construction_worker","boot",9.3171653938172,184.930275777013,47,0.7,36.52
"nurse","clog",9.31510895541087,133.223758350011,42,0.5,43.61
"construction_worker","boot",3.50457604515833,178.836953317597,31,0.7,13.89
"construction_worker","boot",6.44382128319006,190.69046192909,44,0.7,23.99
"restaurant_staff","sneaker",8.75760138437305,168.334272311784,53,0.4,36.43
"nurse","sneaker",11.1616998725619,226.263683423399,59,0.5,53.79
"construction_worker","boot",8.6954879726028,183.976784278139,41,0.7,33.12
"construction_worker","boot",9.2714496417758,144.895889138167,51,0.7,36.08
"retail_worker","dress_shoe",7.12336623129391,192.497712072672,64,0.85,35.54
"nurse","clog",13,173.795067152613,38,0.5,62.96
"restaurant_staff","clog",6.77680902258458,162.467300954251,40,0.4,27.78
"restaurant_staff","sneaker",7.85335230071935,171.279757907894,21,0.4,31.33
"retail_worker","dress_shoe",7.01467912119394,177.288908126102,22,0.85,34.04
"retail_worker","sneaker",6.83900126201689,176.119638890837,58,0.85,32.1
"warehouse_worker","sneaker",9.26920198288339,172.067998481711,23,0.6,44.3
"nurse","clog",12.1295024019698,168.990269273034,44,0.5,58.3
"retail_worker","dress_shoe",5.5300606719307,190.887778219054,64,0.85,27.6
"warehouse_worker","boot",10.0995286022517,213.01336073154,22,0.6,50.29
"warehouse_worker","boot",6.2758724829673,164.339661004027,20,0.6,30.36
"bus_driver","sneaker",5.56972265260158,172.738097760879,64,0.1,9.17
"warehouse_worker","boot",10.1678977675554,183.456053912629,46,0.6,51.66
"warehouse_worker","boot",6.41529604729803,171.931435064614,63,0.6,31.56
"construction_worker","boot",8.10409347106169,158.454895404553,65,0.7,31.7
"construction_worker","boot",8.3588621446008,189.149883996461,34,0.7,31.43
"construction_worker","boot",5.13148130592938,211.746969276869,22,0.7,19.13
"retail_worker","sneaker",3.03690006676471,192.724798639891,23,0.85,13.63
"bus_driver","sneaker",5.18869088322861,183.784184397561,65,0.1,8.59
"restaurant_staff","sneaker",4.52004333402985,139.243941057016,30,0.4,17.55
"bus_driver","dress_shoe",3.82355405190096,165.498529436222,30,0.1,5.94
"restaurant_staff","clog",7.67142622245801,135.361723982748,48,0.4,31.43
"warehouse_worker","sneaker",7.61285729467576,171.542020767579,37,0.6,35.55
"warehouse_worker","boot",7.61091058568265,140.132852234173,63,0.6,36.97
"warehouse_worker","sneaker",11.5541554140465,200.427076692312,36,0.6,56.81
"construction_worker","boot",6.22519828434383,180.776469611533,48,0.7,23.95
"restaurant_staff","clog",9.17750960101892,158.582975942454,39,0.4,38.71
"retail_worker","dress_shoe",5.46771734831629,203.940015335234,23,0.85,26.65
"retail_worker","dress_shoe",4.12146611374102,161.946876714019,38,0.85,19.49
"retail_worker","dress_shoe",5.04225737585371,142.335987292466,38,0.85,24.46
"construction_worker","boot",6.03746973112586,170.955618365292,26,0.7,23.1
"retail_worker","sneaker",5.07707004915267,188.594468954914,25,0.85,23.85
"restaurant_staff","sneaker",7.40243597885954,134.59887461794,20,0.4,28.21
"nurse","clog",12.3442011903174,149.348375756386,59,0.5,60.31
"retail_worker","sneaker",7.3157772624777,197.792360824142,56,0.85,33.48
"warehouse_worker","boot",10.2638422942736,155.796448934309,39,0.6,50.57
"retail_worker","sneaker",7.30500828703542,210.124814632686,59,0.85,34.51
"construction_worker","boot",7.9960157811048,192.862179287235,62,0.7,30.84
"retail_worker","dress_shoe",6.70573417966164,177.149761044008,52,0.85,32.49
"restaurant_staff","clog",7.24848905251546,160.931181709355,20,0.4,28.91
"retail_worker","dress_shoe",4.61012078678107,149.488699781479,21,0.85,21.25
"nurse","clog",12.1283679832505,173.271972855655,54,0.5,58.93
"nurse","clog",13,175.364501542461,22,0.5,62.34
"nurse","sneaker",10.238174770815,182.250687977566,27,0.5,48.2
"warehouse_worker","boot",8.72778405931897,183.043205828253,53,0.6,43.36
"warehouse_worker","sneaker",9.1107147594777,197.646876172159,51,0.6,43.87
"retail_worker","dress_shoe",4.48430237099368,182.702519221836,31,0.85,21.67
"retail_worker","sneaker",5.19068583654045,139.216252033882,45,0.85,22.73
"restaurant_staff","sneaker",7.62318806156653,155.101697061393,24,0.4,30.55
"restaurant_staff","clog",9.38497038346281,196.773364293483,20,0.4,39.77
"construction_worker","boot",10.5667377612138,153.839858060109,63,0.7,41.6
"warehouse_worker","boot",10.0046049127633,188.005299434427,65,0.6,50.95
"restaurant_staff","sneaker",10.0461787930994,161.65229441033,25,0.4,42.39
"retail_worker","sneaker",6.60149212758267,202.128705379489,51,0.85,30.55
"construction_worker","boot",5.88443755100962,167.367274870943,34,0.7,22.11
"warehouse_worker","sneaker",9.63288280614514,167.127276727397,24,0.6,46.36
"nurse","clog",9.2491071340805,159.517523380753,38,0.5,43.41
"warehouse_worker","sneaker",11.2357733379528,138.47376131798,64,0.6,54.86
"restaurant_staff","sneaker",9.28327883307561,172.131938425142,63,0.4,39.79
"nurse","sneaker",11.4162915486664,172.677861897534,36,0.5,54.55
"bus_driver","dress_shoe",6.38242235406215,219.833377476016,30,0.1,10.65
"bus_driver","sneaker",6.30658043353369,136.303765479055,63,0.1,10.91
"nurse","clog",9.59353460735928,152.689789490978,28,0.5,46.02
"warehouse_worker","boot",8.17197515277889,94.0789382633073,25,0.6,39.54
"retail_worker","sneaker",5.90982121297445,202.862985834969,65,0.85,28.37
"nurse","sneaker",13,178.869781158424,38,0.5,62.54
"restaurant_staff","clog",8.58964088827139,190.140057863318,53,0.4,35.5
"restaurant_staff","clog",7.48987971990083,211.123473011683,44,0.4,31.15
"bus_driver","sneaker",5.06555601035282,189.00608871489,38,0.1,7.27
"nurse","sneaker",12.2353688822291,189.310329340669,37,0.5,59.85
"retail_worker","sneaker",7.00014565716372,161.979939023717,65,0.85,33.25
"bus_driver","dress_shoe",6.51103627032252,196.2452990927,34,0.1,10.7
"bus_driver","dress_shoe",7.06682094648582,148.940384459777,64,0.1,13.22
"construction_worker","boot",10.0450432110808,171.2874704746,63,0.7,39.11
"construction_worker","boot",7.81203618737985,208.523835633846,37,0.7,30.15
"warehouse_worker","sneaker",10.2035754401346,197.094107781622,26,0.6,48.95
"retail_worker","sneaker",7.59582173173126,98.4698704503526,40,0.85,35.24
"restaurant_staff","sneaker",8.74493299002285,165.077368156759,20,0.4,36.15
"retail_worker","sneaker",6.36284385541048,191.428374202038,56,0.85,29.29
"construction_worker","boot",8.09293712148282,154.867208961736,27,0.7,31.02
"restaurant_staff","clog",7.62762934254655,175.075648513926,27,0.4,30.74
"bus_driver","sneaker",4.12924351111433,185.87397689457,26,0.1,6.13
"bus_driver","sneaker",4.50881329603587,179.108621059037,41,0.1,7.05
"warehouse_worker","boot",9.23782127534735,169.268926068657,49,0.6,45.17
"warehouse_worker","sneaker",9.36412840076831,144.407096717815,28,0.6,44.2
"nurse","sneaker",12.3548315983486,177.426516704266,53,0.5,60.13
"restaurant_staff","clog",8.50247015508703,145.332133103403,64,0.4,35.88
"warehouse_worker","boot",7.55671877805426,151.386601644441,46,0.6,36.73
"bus_driver","sneaker",7.01558083641582,191.224335490113,21,0.1,11.67
"nurse","sneaker",10.3581638866804,190.243330514856,40,0.5,48.66
"retail_worker","dress_shoe",5.84272190214782,172.495739175012,49,0.85,29.11
"warehouse_worker","boot",10.0100935610791,187.204713804218,39,0.6,50.11
"bus_driver","dress_shoe",5.3402135447352,169.939908840821,50,0.1,9.06
"warehouse_worker","boot",7.28684030462985,150.604648987802,39,0.6,36.12
"construction_worker","boot",9.86823376512714,199.706627366938,63,0.7,38.9
"restaurant_staff","clog",9.0530439327883,118.23420726078,43,0.4,37.45
"retail_worker","dress_shoe",2.29205743482081,127.011320560092,31,0.85,12.04
"nurse","sneaker",10.8442161167591,168.664212573842,34,0.5,50.62
"restaurant_staff","clog",10.313488681928,155.605467974788,48,0.4,43.56
"restaurant_staff","clog",6.67703409141285,177.556358771903,61,0.4,27.4
"bus_driver","sneaker",3.90355557314345,155.659369093368,30,0.1,6.07
"nurse","clog",13,207.415567031189,32,0.5,63.5
"construction_worker","boot",6.20219958487027,138.533882726574,42,0.7,23.67
"retail_worker","sneaker",9.41561553072794,167.846451280219,58,0.85,45.69
"warehouse_worker","boot",7.47355390801201,208.87567966858,41,0.6,36.87
"warehouse_worker","boot",10.452697314702,158.129013235751,38,0.6,53.27
"construction_worker","boot",6.04190611429204,127.846003769151,34,0.7,21.63
"warehouse_worker","sneaker",8.33511084999663,216.069200681866,44,0.6,38.96
"bus_driver","sneaker",5.2676962358613,175.555484532174,61,0.1,8.85
"bus_driver","dress_shoe",6.12197763953832,165.211439404268,53,0.1,10.56
"restaurant_staff","clog",9.22109512271812,148.400987964433,28,0.4,38.64
"nurse","sneaker",13,158.403776674344,41,0.5,63.11
"restaurant_staff","clog",7.78564293361835,198.317705121821,59,0.4,32.46
"retail_worker","sneaker",5.12784863110374,160.670767052111,45,0.85,23.14
"nurse","sneaker",11.6431267084945,195.931521586904,65,0.5,56.16
"nurse","sneaker",11.374377407066,161.746291782056,65,0.5,54.25
"nurse","clog",11.8012505579797,201.869738400508,29,0.5,57.12
"retail_worker","dress_shoe",5.77038166128004,161.661551256665,53,0.85,27.34
"warehouse_worker","sneaker",7.43595480767061,204.141103771561,40,0.6,34.07
"construction_worker","boot",8.33763259529147,153.578956756046,62,0.7,32.74
"warehouse_worker","boot",8.21959709863921,186.486758066003,57,0.6,39.81
"warehouse_worker","sneaker",10.1642196016668,185.170937085627,63,0.6,48.47
"restaurant_staff","sneaker",9.14435947682957,184.734689459994,37,0.4,38.31
"construction_worker","boot",9.19055476167,189.060671510537,42,0.7,35.66
"construction_worker","boot",7.34101601468247,118.071967829018,55,0.7,27.9
"warehouse_worker","boot",8.14392250998731,167.205136150448,51,0.6,40.7
"bus_driver","sneaker",6.74491886366813,165.052190009315,32,0.1,10.53
"construction_worker","boot",8.98396253019438,156.695245028069,61,0.7,35.14
"bus_driver","sneaker",7.86918380095661,160.750832176141,27,0.1,12.33
"bus_driver","dress_shoe",7.70369935572504,199.272482798537,38,0.1,14.25
"bus_driver","sneaker",4.52838636713053,158.385805623858,60,0.1,7.77
"warehouse_worker","sneaker",6.37604961948182,162.446349821964,34,0.6,29.63
"retail_worker","dress_shoe",5.98075798518209,204.784272269695,48,0.85,29.57
"retail_worker","dress_shoe",6.95093008480219,158.758984199929,29,0.85,34.17
"restaurant_staff","sneaker",9.15690275280899,148.833625499593,41,0.4,38.31
"retail_worker","sneaker",6.16321240207932,169.18104660871,29,0.85,28.67
"warehouse_worker","boot",8.10810268285906,173.794153041489,35,0.6,38.61
"restaurant_staff","clog",10.7172212942695,205.357358870941,25,0.4,45.65
"construction_worker","boot",9.69729876992136,124.505475412583,65,0.7,38.15
"restaurant_staff","clog",8.74582417517858,171.502480525119,36,0.4,36.51
"nurse","clog",13,199.472927182975,31,0.5,63.47
"retail_worker","dress_shoe",5.44228496748205,162.099126271318,20,0.85,26.23
"bus_driver","sneaker",6.0232728650231,189.040004750758,34,0.1,9.6
"warehouse_worker","sneaker",8.77716169778439,157.941595930531,57,0.6,41.3
"restaurant_staff","clog",7.03789826572572,188.949834241687,48,0.4,28.58
"restaurant_staff","sneaker",5.56952502557291,149.497899949114,57,0.4,21.08
"bus_driver","dress_shoe",3.21475555740021,214.600791087166,40,0.1,5.66
"retail_worker","dress_shoe",7.14149214657833,178.651182031614,50,0.85,35.15
"warehouse_worker","sneaker",9.8611666115925,180.656272032805,56,0.6,47.23
"bus_driver","sneaker",6.51487859449869,137.282080453135,38,0.1,10.64
"bus_driver","dress_shoe",7.08756475571265,167.302861861385,53,0.1,12.6
"retail_worker","sneaker",6.41951240917455,201.127867432836,58,0.85,30.41
"construction_worker","boot",9.95674561495959,181.197800567616,20,0.7,37.38
"warehouse_worker","boot",8.74868635965321,160.353985886568,62,0.6,43.46
"warehouse_worker","boot",10.3977162102157,171.417588940134,46,0.6,52.27
"construction_worker","boot",8.68479547387154,184.636918869332,26,0.7,33.44
"bus_driver","dress_shoe",5.56325978454779,158.783903555718,59,0.1,9.86
"retail_worker","dress_shoe",6.16029356208271,150.444625883457,61,0.85,29.87
"nurse","clog",11.2242006678279,209.914545974611,49,0.5,54.48
"retail_worker","dress_shoe",5.6955336530984,128.679518645934,24,0.85,26.66
"restaurant_staff","sneaker",7.9179734362428,148.789503312247,37,0.4,32.58
"bus_driver","dress_shoe",4.29878088333134,166.758677429885,58,0.1,7.42
"retail_worker","sneaker",4.94134287773468,158.600188854742,38,0.85,22.34
"bus_driver","sneaker",5.3390598856181,168.025498016679,50,0.1,9.78
"warehouse_worker","sneaker",8.3911103428251,197.277873202531,65,0.6,39.72
"restaurant_staff","clog",7.20455708873079,139.372824219465,47,0.4,30.65
"bus_driver","dress_shoe",6.60222111965489,197.217416265457,22,0.1,11.49
"restaurant_staff","clog",10.212786007377,238.148701439147,35,0.4,44.01
"retail_worker","sneaker",7.27170211125618,185.465226120322,57,0.85,34.62
"warehouse_worker","sneaker",6.04160279012651,158.339319656464,61,0.6,27.11
"warehouse_worker","sneaker",8.06301279291381,137.821287812984,30,0.6,38.32
"restaurant_staff","sneaker",7.37558528020373,189.629380850626,27,0.4,31.04
"restaurant_staff","clog",11.5858650499428,184.082950162514,60,0.4,50.44
"bus_driver","sneaker",6.68634633657051,185.397939661843,57,0.1,10.47
"retail_worker","dress_shoe",3.99591938324557,167.069415084267,23,0.85,18.6
"restaurant_staff","clog",6.91151915228682,168.794229788127,29,0.4,27.82
"construction_worker","boot",7.77002411636874,166.179102741122,56,0.7,29.61
"bus_driver","sneaker",8.10528782948755,174.411460020625,30,0.1,13.47
"bus_driver","dress_shoe",6.09789962550103,193.199762241265,53,0.1,10.32
"nurse","sneaker",11.708885324795,177.832330930998,44,0.5,54.2
"construction_worker","boot",9.97204441297305,180.151791155129,21,0.7,38.08
"restaurant_staff","sneaker",7.55871759491647,141.960399634399,65,0.4,30.77
"nurse","sneaker",12.9111833328838,155.337485551768,63,0.5,63.17
"nurse","clog",10.3246408947252,178.429918853047,28,0.5,48.5
"construction_worker","boot",6.03155182494298,182.216758458511,64,0.7,22.77
"nurse","clog",11.8953076772947,160.868802452813,41,0.5,57.94
"restaurant_staff","sneaker",6.60716311308314,161.505334671801,33,0.4,26.9
"warehouse_worker","sneaker",10.3983344041823,163.085640157052,36,0.6,49.26
"warehouse_worker","sneaker",8.4914981602892,120.804714357206,44,0.6,39.77
"restaurant_staff","clog",6.81532685100753,191.834869530687,53,0.4,27.25
"construction_worker","boot",6.71448707100691,187.846923604667,44,0.7,26.2
"restaurant_staff","sneaker",7.10138604863948,188.82692683626,34,0.4,27.8
"restaurant_staff","clog",9.0452687891087,176.458449544498,46,0.4,37.75
"nurse","clog",12.5189857006641,153.76433050666,52,0.5,61.18
"nurse","clog",13,163.560140515588,35,0.5,62.69
"warehouse_worker","boot",7.21981736263183,164.93641193046,25,0.6,35.39
"warehouse_worker","sneaker",9.43649947588998,189.025188185571,55,0.6,45.68
"warehouse_worker","boot",8.99758782845749,131.811316309379,39,0.6,43.96
"retail_worker","sneaker",3.63564965989605,215.587075555685,31,0.85,16.75
"construction_worker","boot",6.304411342244,170.989274580428,23,0.7,24.19
"nurse","clog",13,178.897838529359,27,0.5,62.96
"retail_worker","sneaker",5.62664690542213,166.314103148989,39,0.85,25.93
"restaurant_staff","sneaker",8.27299174186898,117.594676022447,50,0.4,33.25
"nurse","sneaker",13,165.400140765338,47,0.5,63.18
"retail_worker","dress_shoe",6.61191622880103,212.598037149393,62,0.85,32.16
"retail_worker","dress_shoe",6.66509079606713,211.271330326908,33,0.85,32.54
"restaurant_staff","sneaker",8.74658330502092,203.570181061341,53,0.4,36.47
"nurse","sneaker",12.7341740461365,205.035850487612,39,0.5,61.29
"warehouse_worker","sneaker",8.41899610660891,166.977007705849,48,0.6,40.61
"retail_worker","sneaker",5.32626009151973,177.693061521803,20,0.85,24.29
"restaurant_staff","clog",7.39126213045434,156.980893054469,44,0.4,31.18
"nurse","sneaker",12.485755957787,176.284146667957,62,0.5,60.43
"warehouse_worker","boot",10.4742507445595,195.25389230785,25,0.6,51.99
"restaurant_staff","sneaker",8.71498920294274,198.391966488976,53,0.4,36.25
"restaurant_staff","clog",10.351359587322,163.442874337205,36,0.4,44.1
"warehouse_worker","boot",10.2496209757289,132.41856723616,57,0.6,52.34
"retail_worker","sneaker",4.38934138439671,193.149250694142,37,0.85,19.89
"nurse","sneaker",10.9668068167474,201.797728603818,44,0.5,52.84
"construction_worker","boot",7.20908688391263,227.234059678951,38,0.7,27.65
"bus_driver","dress_shoe",3.24177764591171,148.523068351153,36,0.1,6.06
"nurse","clog",12.2938211840915,171.625741802719,43,0.5,59.09
"restaurant_staff","sneaker",8.09860824792303,196.5879202003,41,0.4,33.84
"retail_worker","sneaker",5.74848127940785,161.843666927705,54,0.85,26.63
"warehouse_worker","boot",7.14208783183413,214.411843149561,22,0.6,34.62
"construction_worker","boot",9.63015316288728,128.914274667631,64,0.7,37.89
"construction_worker","boot",6.67154757126028,150.441316557125,57,0.7,25.44
"restaurant_staff","clog",7.91237827432437,170.386901025111,44,0.4,32.44
"warehouse_worker","boot",6.55510929792189,172.382717087888,53,0.6,31.57
"bus_driver","dress_shoe",5.04239302952367,194.779258678379,39,0.1,9.71
"retail_worker","sneaker",3.5626028183071,180.706300974311,52,0.85,17.12
"warehouse_worker","sneaker",5.81832979372682,197.955337915931,65,0.6,27.07
"bus_driver","dress_shoe",5.38530473927954,151.508546321941,39,0.1,9.95
"construction_worker","boot",6.76110398193627,118.401663390344,53,0.7,25.84
"construction_worker","boot",9.66966572370169,130.726523513845,29,0.7,36.64
"bus_driver","dress_shoe",5.38388670786059,157.865599594123,63,0.1,9.5
"restaurant_staff","sneaker",9.52480588472783,114.386041898705,29,0.4,39.15
"retail_worker","sneaker",7.14026649753361,140.339189992227,62,0.85,33.94
"bus_driver","dress_shoe",6.31980856737107,185.254559255273,51,0.1,10.7
"restaurant_staff","clog",4.94564387002996,207.853632316508,34,0.4,20.62
"nurse","clog",9.7569259593418,179.051967999398,56,0.5,46.75
"restaurant_staff","sneaker",9.27094312357294,211.209974612442,28,0.4,38.66
"restaurant_staff","sneaker",6.09599974876238,172.23709711098,25,0.4,24.48
"retail_worker","sneaker",4.32999380677177,188.215049626753,39,0.85,18.83
"bus_driver","dress_shoe",7.42357368077618,183.871414702028,34,0.1,12.43
"nurse","sneaker",10.4105146682078,191.155004237015,55,0.5,49.64
"nurse","sneaker",12.4341812832142,162.225551416334,49,0.5,59.51
"construction_worker","boot",8.10223479208847,191.276901785788,23,0.7,29.84
"restaurant_staff","clog",9.78976616805693,195.648135332845,24,0.4,41.3
"nurse","clog",11.4893177469591,177.906559731861,43,0.5,55.12
"construction_worker","boot",8.3142364485592,151.810333197101,33,0.7,31.49
"nurse","sneaker",12.3438180627076,156.177287751709,26,0.5,58.19
"restaurant_staff","clog",6.95375503214529,160.916565027916,33,0.4,28.56
"bus_driver","sneaker",4.04074731148623,149.990237851193,55,0.1,6.85
"warehouse_worker","boot",10.8017883244619,165.97881131848,61,0.6,54.73
"bus_driver","sneaker",8.55569880572123,214.651267066597,50,0.1,14.72
"warehouse_worker","sneaker",8.92888769278646,121.348754477485,57,0.6,42.78
"construction_worker","boot",5.89174183044746,136.567148649228,27,0.7,22.23
"restaurant_staff","sneaker",8.83647471192767,185.680007669588,45,0.4,37.26
"construction_worker","boot",8.37810397962182,139.51006065094,24,0.7,31.87
"bus_driver","dress_shoe",4.06161480283616,153.053476277919,28,0.1,6.1
"bus_driver","sneaker",7.0801366819315,177.868053134345,40,0.1,11.44
"retail_worker","sneaker",6.13844453719839,191.73876664019,22,0.85,28.21
"construction_worker","boot",9.67154399310697,192.239351467929,54,0.7,38.89
"nurse","sneaker",11.3914507657497,165.089251678849,51,0.5,54.02
"construction_worker","boot",7.76302739199628,154.973916720149,50,0.7,30.1
"warehouse_worker","boot",8.11254476892415,165.657276546925,21,0.6,39.55
"construction_worker","boot",6.93663051256345,147.749154332811,22,0.7,25.82
"warehouse_worker","boot",9.50096216735049,176.283956470482,30,0.6,47.05
"retail_worker","sneaker",5.92185080410356,166.693944890523,55,0.85,28.14
"restaurant_staff","clog",6.87706329607396,174.905689411739,38,0.4,28.18
"construction_worker","boot",10.2690288132759,179.328025138843,39,0.7,39.45
"nurse","clog",13,159.029436947323,56,0.5,63.97
"nurse","sneaker",11.3549859954217,141.33547458684,54,0.5,54.18
"retail_worker","dress_shoe",7.19496804933401,172.319339282339,43,0.85,35.2
"retail_worker","dress_shoe",5.87260128282169,186.525337476045,48,0.85,28.73
"restaurant_staff","sneaker",10.8565648371417,191.014248580942,62,0.4,46.81
"construction_worker","boot",9.19463422028139,197.650134543717,61,0.7,35.78
"bus_driver","dress_shoe",7.71743184249212,184.803635570765,53,0.1,13.66
"retail_worker","sneaker",8.32032200162441,170.958790704967,36,0.85,38.77
"retail_worker","dress_shoe",4.13855072525479,173.599749549895,59,0.85,21
"retail_worker","dress_shoe",4.84905183213737,167.370879071402,21,0.85,22.94
"retail_worker","sneaker",4.23166638962903,143.88037109986,45,0.85,19.14
"bus_driver","dress_shoe",6.55486644193107,132.893232392208,46,0.1,11.78
"retail_worker","dress_shoe",3.33694602876138,174.135236500442,62,0.85,16.19
"construction_worker","boot",6.99892729411781,144.048286276931,44,0.7,26.66
"nurse","sneaker",10.4542803275208,181.365233386844,29,0.5,49.43
"restaurant_staff","sneaker",7.25862590787035,186.019939602577,21,0.4,29.61
"bus_driver","dress_shoe",8.50466860235104,224.46295298445,32,0.1,14.67
"construction_worker","boot",7.82752939867838,187.290613520953,64,0.7,29.87
"restaurant_staff","sneaker",3.84819382888753,173.058343704362,26,0.4,15.1
"nurse","sneaker",13,166.468240432581,49,0.5,62.59
"construction_worker","boot",8.7606020137349,150.562031904438,48,0.7,33.75
"bus_driver","dress_shoe",6.49420467514364,169.536501420933,40,0.1,11.18
"restaurant_staff","sneaker",7.12372680162603,167.179109441994,44,0.4,29
"retail_worker","sneaker",7.99286455893022,162.064133806527,44,0.85,37.81
"retail_worker","sneaker",8.22929259458027,166.210498232797,55,0.85,39.25
"nurse","clog",12.2894246740637,181.816621666177,23,0.5,59.44
"restaurant_staff","clog",7.10965717079148,177.412719231314,25,0.4,29.35
"restaurant_staff","sneaker",7.17422989237108,179.604818148715,33,0.4,28.35
"construction_worker","boot",6.90639811557446,136.60210247037,53,0.7,26.63
"nurse","clog",13,181.377896197546,56,0.5,64.37
"restaurant_staff","clog",5.65227090729925,158.609311398619,41,0.4,22.54
"restaurant_staff","clog",11.2712505293521,155.326614748017,58,0.4,48.64
"bus_driver","dress_shoe",5.69967481457006,156.73917014045,58,0.1,8.72
"nurse","sneaker",13,190.350814881568,55,0.5,62.37
"retail_worker","dress_shoe",6.92483637895934,158.271836718524,31,0.85,34.12
"warehouse_worker","sneaker",8.00510426902945,151.772270935857,20,0.6,37.32
"construction_worker","boot",8.41568673741934,162.477842835823,52,0.7,32.79
"bus_driver","sneaker",4.06323984173217,210.084026597302,24,0.1,6.79
"retail_worker","sneaker",5.63941672506245,172.291938276457,33,0.85,25.72
"retail_worker","dress_shoe",6.35034085698045,193.27987360068,26,0.85,31.41
"nurse","clog",13,178.567047199506,63,0.5,64.34
"retail_worker","dress_shoe",6.09501868960587,164.151981408947,50,0.85,29.29
"restaurant_staff","clog",5.94839636898205,186.823444516733,37,0.4,24.34
"warehouse_worker","boot",8.68605332185864,195.972623018384,53,0.6,43.6
"restaurant_staff","sneaker",7.14571147997006,203.111625249466,38,0.4,28.46
"construction_worker","boot",10.0815633019363,179.813532498285,55,0.7,39.48
"restaurant_staff","clog",7.97194398842825,170.634623025269,55,0.4,33.51
"warehouse_worker","boot",8.08767939483444,165.393491904161,35,0.6,39.34
"bus_driver","dress_shoe",8.26140636168521,175.223943324796,32,0.1,14.47
"bus_driver","sneaker",4.88512847703712,182.028968939563,64,0.1,7.68
"nurse","clog",12.1395059122269,203.095499461564,26,0.5,58.98
"retail_worker","sneaker",4.75912043393061,194.74122564932,35,0.85,21.37
"retail_worker","dress_shoe",5.77783135546866,168.523011172044,60,0.85,27.94
"bus_driver","sneaker",4.35137672745509,168.885780933172,60,0.1,6.41
"construction_worker","boot",12.217987255904,186.80064192783,53,0.7,48.51
"retail_worker","dress_shoe",3.07496209071103,150.401330770583,28,0.85,14.08
"warehouse_worker","boot",9.76345788830145,146.564851582576,44,0.6,48.62
"construction_worker","boot",7.12854302624679,180.923982101495,35,0.7,26.91
"retail_worker","sneaker",6.13972968580718,179.03118299235,65,0.85,28.42
"construction_worker","boot",6.59301120237641,189.260895230227,41,0.7,24.76
"warehouse_worker","boot",6.09586109526549,167.545408090827,60,0.6,30.27
"bus_driver","dress_shoe",5.33410286095663,202.217719825774,60,0.1,9.79
"bus_driver","dress_shoe",7.62418465309076,180.839623586739,32,0.1,12.94
"construction_worker","boot",9.13759628553076,147.643650971224,48,0.7,34.78
"restaurant_staff","clog",5.52183233836749,153.344018311475,49,0.4,22.94
"restaurant_staff","clog",8.19825749701165,180.365981189805,38,0.4,33.48
"warehouse_worker","boot",7.39200266486624,181.588410591222,52,0.6,36.55
"warehouse_worker","sneaker",9.11896218524972,162.933731247538,36,0.6,43.06
"construction_worker","boot",9.30283296988717,181.506101330919,34,0.7,36.33
"nurse","clog",13,155.333915081527,36,0.5,63.18
"bus_driver","sneaker",7.06571950873547,229.880857873487,22,0.1,11.99
"retail_worker","sneaker",5.41160306957757,163.968808675419,20,0.85,25.2
"construction_worker","boot",7.04135029680543,148.510381555804,52,0.7,27.23
"warehouse_worker","boot",7.13211119383066,182.510402140525,42,0.6,34.72
"bus_driver","sneaker",5.9228690959544,173.463936950253,25,0.1,9.81
"bus_driver","sneaker",7.34037182166181,142.205242916617,35,0.1,11.78
"nurse","sneaker",11.4419773350011,154.983556284878,37,0.5,54.3
"restaurant_staff","sneaker",7.727038402842,187.642371608772,44,0.4,31.77
"warehouse_worker","sneaker",9.79949266605095,136.255402373942,26,0.6,46.92
"nurse","clog",11.8448008121903,141.058729288251,53,0.5,58.17
"nurse","sneaker",13,221.733131705605,31,0.5,63.49
"nurse","sneaker",11.6059422875355,175.182611312986,59,0.5,55.47
"bus_driver","sneaker",5.15300858950416,201.692879831935,26,0.1,8.19
"construction_worker","boot",7.97900884323213,121.232574584032,50,0.7,30.61
"bus_driver","sneaker",5.1309993233666,177.087748276511,65,0.1,8.91
"bus_driver","sneaker",7.42692460326076,154.353805685947,24,0.1,11.76
"restaurant_staff","clog",4.33377683569258,184.770786435619,48,0.4,17.74
"bus_driver","sneaker",3.14374896841577,207.393002880835,23,0.1,4.6
"nurse","clog",11.1551305112657,169.622408291846,44,0.5,53.36
"construction_worker","boot",6.29637651973526,201.898075646352,42,0.7,24.45
"construction_worker","boot",10.4163993789803,160.338832119203,65,0.7,39.89
"warehouse_worker","sneaker",8.63758606231837,207.838589194757,44,0.6,41.57
"restaurant_staff","sneaker",7.75645238339392,202.376048832017,56,0.4,32.05
"retail_worker","dress_shoe",8.88951091102441,174.136961885541,44,0.85,43.58
"retail_worker","dress_shoe",7.70597749646119,187.220374797365,39,0.85,36.99
"construction_worker","boot",3.54161378682888,178.607837576157,32,0.7,13.82
"warehouse_worker","sneaker",8.52569843904661,178.503989863052,46,0.6,40.78
"nurse","clog",11.2760880404024,174.061362583368,49,0.5,54.79
"warehouse_worker","boot",9.62853116314089,189.668985570082,35,0.6,47.15
"warehouse_worker","sneaker",8.56182779847491,167.234160475028,37,0.6,40.18
"restaurant_staff","sneaker",9.36384831514338,159.869882833433,50,0.4,39.02
"bus_driver","sneaker",5.76255063428155,182.377811619253,22,0.1,9.33
"nurse","sneaker",12.6782079053953,159.562354371685,35,0.5,61.66
"restaurant_staff","clog",4.79252296218729,108.286226925393,60,0.4,18.73
"nurse","clog",12.7141020867571,191.020551956956,38,0.5,62.24
"restaurant_staff","sneaker",7.24554590145344,203.795906256821,63,0.4,29.43
"restaurant_staff","clog",6.48440163194571,200.567494716449,45,0.4,26.32
"construction_worker","boot",7.48901140763535,207.99604037245,33,0.7,29.55
"warehouse_worker","boot",6.6816724524779,177.068961041545,22,0.6,32.35
"restaurant_staff","sneaker",8.47193630743746,131.213169185024,30,0.4,33.6
"construction_worker","boot",10.5218202515832,158.217544989922,48,0.7,41.02
"retail_worker","sneaker",8.58834158497624,184.621674210527,31,0.85,40.89
"restaurant_staff","clog",5.66573508650997,144.519234031018,63,0.4,22.39
"restaurant_staff","clog",7.30933818650167,168.285958378974,29,0.4,31.06
"warehouse_worker","sneaker",6.00502947245615,153.938366868281,47,0.6,27.47
"warehouse_worker","boot",8.24566889551504,189.388855170621,49,0.6,40.74
"construction_worker","boot",10.5037256558859,171.274124759219,60,0.7,40.65
"warehouse_worker","sneaker",5.62110830345613,168.012720706295,45,0.6,25.15
"nurse","sneaker",13,212.946482324183,39,0.5,63.68
"bus_driver","sneaker",7.57525324823228,182.245733310188,27,0.1,12.15
"warehouse_worker","boot",10.1729274880955,158.454791036073,36,0.6,51.54
"retail_worker","dress_shoe",2.77021837412015,173.998826036865,54,0.85,13.44
"restaurant_staff","clog",8.20384657875055,195.765826333728,35,0.4,34.17
"retail_worker","dress_shoe",4.63996674768549,198.250818162927,33,0.85,21.7
"warehouse_worker","boot",8.31897964266142,181.153496080308,65,0.6,41.36
"restaurant_staff","sneaker",8.70415108493522,173.088763548139,28,0.4,36.54
"bus_driver","sneaker",3.59648230373607,195.445973472909,29,0.1,5.46
"warehouse_worker","sneaker",6.47993921432383,170.996773174527,32,0.6,30.08
"warehouse_worker","sneaker",9.08625189917996,191.457692524739,37,0.6,43.68
"restaurant_staff","clog",6.49341378406401,190.161834947564,45,0.4,26.93
"restaurant_staff","clog",9.49343820054563,153.075909495209,56,0.4,40.03
"nurse","clog",9.40086012365504,135.681683180917,54,0.5,44.3
"retail_worker","dress_shoe",7.23119548029893,186.841476201872,28,0.85,35.62
"retail_worker","sneaker",5.94707848640142,194.235005185396,51,0.85,27.59
"restaurant_staff","sneaker",9.05308510771177,160.17190517687,28,0.4,37.53
"construction_worker","boot",8.22766676296069,165.008366980727,45,0.7,30.85
"retail_worker","dress_shoe",6.33663724810408,181.169418683603,44,0.85,30.86
"nurse","clog",10.4244388153969,187.127520593225,42,0.5,49.67
"retail_worker","dress_shoe",7.89231393541338,192.513841193388,24,0.85,39.3
"nurse","clog",8.06076737309585,181.806525978421,26,0.5,37.11
"bus_driver","sneaker",5.07825735118936,178.316349982431,65,0.1,8.71
"retail_worker","sneaker",6.01907975599819,193.838656709807,39,0.85,28.11
"nurse","clog",11.9426941160067,188.747979421806,33,0.5,58.34
"nurse","sneaker",11.7339183685763,177.583867837789,26,0.5,56.04
"nurse","clog",11.4570609506782,175.543374835651,53,0.5,54.78
"construction_worker","boot",9.0400801290647,204.895351564819,49,0.7,34.94
"nurse","clog",11.5896723653637,242.990957201245,57,0.5,56.21
"restaurant_staff","sneaker",9.13976338383652,172.67732845817,45,0.4,38.92
"retail_worker","dress_shoe",4.8957433677244,168.333052866282,44,0.85,23.33
"bus_driver","dress_shoe",3.97914561257087,141.421908015027,36,0.1,5.95
"retail_worker","sneaker",8.25804537705811,155.266073716635,44,0.85,38.75
"construction_worker","boot",7.32754113363831,181.963162113896,40,0.7,27.04
"restaurant_staff","clog",7.96185988398911,156.498918113203,27,0.4,33.02
"retail_worker","dress_shoe",8.37813640878126,232.462146484851,61,0.85,42.53
"restaurant_staff","clog",8.53295105638068,157.581822699053,35,0.4,36.08
"bus_driver","sneaker",5.18034799778394,159.184737556981,55,0.1,9.17
"nurse","sneaker",12.1270700777276,163.087305242935,33,0.5,57.8
"restaurant_staff","sneaker",5.61588287832523,148.639562207773,37,0.4,22.42
"warehouse_worker","sneaker",8.57236919752123,207.123757664246,47,0.6,40.15
"nurse","clog",8.99849623978519,130.067532377376,62,0.5,41.9
"retail_worker","dress_shoe",4.10226100651157,183.98090993199,20,0.85,19.68
"restaurant_staff","sneaker",5.31201590161621,203.181106184446,62,0.4,21.07
"construction_worker","boot",5.47714781211638,133.741118604863,40,0.7,20.9
"construction_worker","boot",5.96967568277354,197.81217611311,62,0.7,23.1
"construction_worker","boot",3.99978408246077,153.05756280797,41,0.7,15.21
"retail_worker","dress_shoe",5.70617145732917,154.6189217104,65,0.85,27.97
"nurse","sneaker",9.71536191814149,164.015886711001,63,0.5,45.79
"nurse","sneaker",13,137.899752560179,63,0.5,63.15
"warehouse_worker","sneaker",8.90052737865948,163.32601711932,23,0.6,41.29
"bus_driver","dress_shoe",7.12217312143536,157.160374773573,32,0.1,12.16
"warehouse_worker","sneaker",11.5073229820371,157.798742072557,49,0.6,55.54
"bus_driver","sneaker",6.72134286016618,170.627637182003,52,0.1,11.14
"restaurant_staff","clog",9.09465387123232,205.527218779145,51,0.4,37.55
"nurse","sneaker",12.6851048993833,183.121326562943,51,0.5,62.86
"retail_worker","dress_shoe",5.85151414375601,219.805224767875,64,0.85,29.07
"construction_worker","boot",7.66915008322878,166.720297181187,29,0.7,28.49
"warehouse_worker","sneaker",9.42228786570009,164.646268137538,42,0.6,44.86
"retail_worker","dress_shoe",6.87528889963071,183.494298132083,40,0.85,32.23
"warehouse_worker","sneaker",8.99249119616536,165.206175476881,46,0.6,42.82
"warehouse_worker","boot",6.05602014172815,128.50792311909,51,0.6,28.35
"retail_worker","dress_shoe",7.09722100776788,139.48896588686,53,0.85,34.25
"retail_worker","dress_shoe",5.68301616094658,210.91843691189,31,0.85,27.54
"construction_worker","boot",6.19183538286566,204.849490947383,56,0.7,23.79
"restaurant_staff","sneaker",5.93718433038351,189.01087765973,46,0.4,23.46
"bus_driver","sneaker",6.8086011915742,187.672704236649,64,0.1,11.55
"nurse","sneaker",11.4580673630682,146.846504473638,51,0.5,54.98
"nurse","sneaker",12.3969274542929,202.136561680997,64,0.5,59.45
"bus_driver","dress_shoe",5.15226972405298,180.222175258568,48,0.1,8.79
"warehouse_worker","boot",8.31316328912782,142.186197632283,33,0.6,40.15
"warehouse_worker","boot",7.76077326557143,163.526505342764,37,0.6,37.73
"retail_worker","sneaker",3.34210039161161,147.362101799818,43,0.85,15.42
"retail_worker","sneaker",3.37321056117079,144.471443635957,31,0.85,14.13
"warehouse_worker","sneaker",6.54493481148717,144.16169878956,32,0.6,30.09
"construction_worker","boot",9.46647398979576,162.588224963616,47,0.7,36.38
"construction_worker","boot",9.07939817428431,126.095960760757,25,0.7,34.71
"retail_worker","dress_shoe",6.73019450512877,186.128836408151,38,0.85,33.41
"restaurant_staff","sneaker",7.48271693777315,182.219542409222,54,0.4,30.82
"retail_worker","dress_shoe",6.43837632155109,143.818910334527,48,0.85,30.73
"retail_worker","sneaker",3.76385544524434,201.863766662893,23,0.85,17.45
"construction_worker","boot",9.52103837712976,173.246118602558,60,0.7,36.8
"construction_worker","boot",8.24323925448969,175.522546531174,48,0.7,32.5
"construction_worker","boot",6.56243481081327,184.499299654194,30,0.7,25.59
"bus_driver","dress_shoe",7.70285359350805,177.896505942694,30,0.1,13.43
"warehouse_worker","boot",8.23061501865857,176.884799926599,26,0.6,40.59
"retail_worker","dress_shoe",7.22715330697108,162.837084036333,45,0.85,35.02
"retail_worker","sneaker",3.14719374345172,175.158521319356,37,0.85,13.3
"retail_worker","sneaker",6.20691332535436,187.48922935498,31,0.85,29.35
"warehouse_worker","boot",10.9318043244364,181.682329178293,37,0.6,55.01
"nurse","sneaker",12.6588970367673,148.338879607951,54,0.5,60.75
"warehouse_worker","sneaker",11.7894969993048,192.126252330667,23,0.6,57.31
"construction_worker","boot",10.9768660708255,166.105301029854,61,0.7,42.67
"restaurant_staff","clog",8.14387843524955,146.356794164765,58,0.4,33.97
"retail_worker","dress_shoe",5.53654027640079,163.412254317658,51,0.85,26.45
"construction_worker","boot",5.73412240573558,124.648744848091,20,0.7,20.01
"warehouse_worker","boot",11.0734478181303,181.475123895263,24,0.6,55.46
"nurse","clog",13,215.771639981129,49,0.5,62.95
"warehouse_worker","boot",8.98664688280214,174.548370007532,45,0.6,44.54
"warehouse_worker","sneaker",7.43965139699203,185.207547991659,62,0.6,34.58
"warehouse_worker","boot",9.01654045539658,157.691910523616,63,0.6,45.27
"bus_driver","dress_shoe",4.865689596191,146.035960506289,21,0.1,8.08
"construction_worker","boot",7.35435382688804,153.808096793907,45,0.7,28.82
"warehouse_worker","sneaker",9.61293723896141,162.190711869034,61,0.6,46.09
"bus_driver","dress_shoe",5.8925386169109,181.976980043413,44,0.1,9.2
"nurse","sneaker",11.399226489124,187.025707022529,64,0.5,54.76
"construction_worker","boot",9.76997830667816,172.142135241092,34,0.7,38.37
"retail_worker","dress_shoe",7.0372311497976,169.248518267372,50,0.85,34.23
"construction_worker","boot",8.89853738370518,182.938159201524,65,0.7,34.96
"nurse","clog",13,162.580666437577,26,0.5,63.08
"bus_driver","sneaker",4.29722586325179,173.345520382229,25,0.1,6.77
"retail_worker","sneaker",7.44490013115864,191.684893993004,27,0.85,35.12
"warehouse_worker","sneaker",10.4200178309226,164.283720019183,23,0.6,49.76
"nurse","clog",13,162.909621731908,55,0.5,63.12
"bus_driver","dress_shoe",5.2309747896289,169.550298239079,51,0.1,8.16
"construction_worker","boot",9.70817096145695,168.732392930914,57,0.7,37.5
"restaurant_staff","clog",5.48077246663451,166.22631285469,43,0.4,22.4
"restaurant_staff","sneaker",8.22252543992483,175.748962359524,47,0.4,34.9
"nurse","sneaker",13,202.943256043184,24,0.5,63.02
"warehouse_worker","boot",8.45890841043564,125.501992831906,35,0.6,40.63
"nurse","sneaker",13,166.847951109038,49,0.5,63.37
"retail_worker","dress_shoe",5.47312528158762,198.68225834626,48,0.85,26.15
"warehouse_worker","boot",8.77388446876391,181.927349346475,56,0.6,43.68
"nurse","clog",12.0172469787397,163.61024468128,40,0.5,58.17
"nurse","sneaker",13,172.315454107519,41,0.5,63.24
"construction_worker","boot",8.91845384016524,232.748356394578,59,0.7,35.07
"restaurant_staff","clog",7.21612605670519,180.173891620627,29,0.4,29.43
"retail_worker","dress_shoe",5.02416650474461,173.579243556515,28,0.85,23.74
"construction_worker","boot",10.086688689318,180.350223930247,61,0.7,40.01
"nurse","sneaker",12.0076702926135,189.562903136065,30,0.5,57.22
"restaurant_staff","sneaker",9.16653923360435,167.505055729318,47,0.4,37.55
"warehouse_worker","boot",8.82073930404835,189.509675848357,45,0.6,43.95
"construction_worker","boot",8.90499468569013,156.893810055254,23,0.7,33.81
"nurse","clog",13,172.656118958893,39,0.5,63.42
"construction_worker","boot",5.39395754490113,116.123202159699,36,0.7,20.8
"restaurant_staff","sneaker",8.46413469937087,197.252293593312,24,0.4,34.94
"warehouse_worker","sneaker",6.95055398841862,188.262586320096,29,0.6,32.15
"construction_worker","boot",7.17134936099969,191.436867424687,51,0.7,27.33
"construction_worker","boot",6.63759442767715,201.556915583406,25,0.7,25.75
"restaurant_staff","clog",7.10416692969215,177.669635662453,35,0.4,29.14
"bus_driver","sneaker",4.85167616464344,174.795676516866,65,0.1,8.59
"restaurant_staff","clog",6.48045197855181,182.996750718444,31,0.4,26.24
"construction_worker","boot",9.27371419062167,145.894105685549,63,0.7,36.66
"bus_driver","sneaker",3.69747189528107,123.621661737561,35,0.1,4.96
"restaurant_staff","clog",8.54101797007033,148.466933416518,43,0.4,35.15
"bus_driver","dress_shoe",3.64777924326155,148.925464476279,41,0.1,6.39
"bus_driver","sneaker",5.75217128321713,179.882138502061,58,0.1,8.56
"retail_worker","sneaker",6.46662353938128,134.879549034782,57,0.85,30.61
"restaurant_staff","sneaker",5.04315646400203,136.228666486495,39,0.4,19.53
"restaurant_staff","clog",5.08261043594636,155.441697688931,61,0.4,20.47
"restaurant_staff","sneaker",5.42900578205169,189.913553302438,50,0.4,22
"restaurant_staff","clog",10.0430708743114,168.413970517937,61,0.4,42.78
"bus_driver","sneaker",7.66332393548586,163.53835384355,40,0.1,12.81
"warehouse_worker","boot",6.31617430370282,181.586979876855,23,0.6,30.96
"construction_worker","boot",6.31176401744285,180.50317690077,62,0.7,24.67
"bus_driver","dress_shoe",4.86376739795104,200.907860864443,55,0.1,8.8
"bus_driver","dress_shoe",6.35610598820261,149.59700841083,42,0.1,10.29
"retail_worker","sneaker",5.77991414636095,189.358118380802,63,0.85,27.8
"retail_worker","sneaker",3.80198176966355,144.853719751627,51,0.85,17.21
"bus_driver","sneaker",9.04160809994806,150.902937270491,64,0.1,15.05
"restaurant_staff","clog",9.18928707771516,155.789029190841,29,0.4,38.5
"bus_driver","dress_shoe",5.21398873084332,197.730439365127,59,0.1,8.28
"restaurant_staff","clog",7.12138880856733,153.266198969944,23,0.4,28.77
"nurse","sneaker",11.8002835405725,150.289250911046,39,0.5,55.99
"restaurant_staff","sneaker",9.66943706415271,162.951847210294,58,0.4,41.99
"retail_worker","sneaker",6.04715889655463,169.95207850846,64,0.85,29.11
"construction_worker","boot",11.4731791580806,177.504086647795,62,0.7,45.53
"nurse","sneaker",12.2614598195101,169.233794528776,48,0.5,58.83
"construction_worker","boot",7.79162918700583,161.448050531314,22,0.7,30.01
"nurse","clog",12.3118673281499,193.313002593033,52,0.5,59.9
"nurse","clog",11.1316268851288,113.685600537775,52,0.5,53.19
"nurse","clog",13,155.64907215361,56,0.5,62.89
"bus_driver","dress_shoe",3.85993178943414,185.093909414922,56,0.1,8.01
"nurse","sneaker",12.2335895018732,134.518644351064,65,0.5,59.62
"restaurant_staff","sneaker",7.23233010378466,170.200632306574,35,0.4,29.37
"construction_worker","boot",6.48767186275448,185.239791261,27,0.7,24.67
"nurse","sneaker",11.1822674635416,170.225422210231,58,0.5,52.94
"restaurant_staff","sneaker",5.84932575721819,116.791133251916,21,0.4,22.64
"nurse","clog",12.9393147052684,176.803026865238,49,0.5,63.16
"restaurant_staff","clog",9.67845769706327,165.175798852335,27,0.4,40.78
"restaurant_staff","sneaker",11.0120658252819,147.728213486362,65,0.4,47.38
"construction_worker","boot",8.55516283766562,184.477097249698,58,0.7,33.48
"warehouse_worker","boot",6.10470931219443,173.75898892536,42,0.6,30.91
"warehouse_worker","boot",6.88162781571718,161.850936308613,23,0.6,33.6
"construction_worker","boot",6.90487951567369,131.104187957291,53,0.7,26.45
"restaurant_staff","sneaker",9.39674946469776,114.415463328462,27,0.4,38.48
"construction_worker","boot",9.19921061790474,170.98992906475,32,0.7,35.57
"nurse","sneaker",12.9122851222175,147.898534920414,26,0.5,61.6
"construction_worker","boot",7.43465968335993,194.352421947521,39,0.7,28.28
"retail_worker","dress_shoe",5.43793153946739,161.105358319719,55,0.85,26.87
"warehouse_worker","boot",10.1778110273383,150.09199642782,62,0.6,50.8
"warehouse_worker","boot",9.76077839236905,148.432702374688,25,0.6,48.29
"construction_worker","boot",9.6052809679755,152.140108360242,63,0.7,37.21
"warehouse_worker","boot",7.03500895278228,194.384291180642,64,0.6,35.1
"restaurant_staff","sneaker",6.83092585316026,168.024732464382,64,0.4,27.57
"nurse","sneaker",12.9654614350893,154.511043416238,36,0.5,63.05
"restaurant_staff","clog",9.80173624213106,202.801745956824,29,0.4,41.75
"bus_driver","sneaker",7.7843438388446,171.914815397652,56,0.1,12.96
"retail_worker","dress_shoe",7.1634912712658,175.993949980894,40,0.85,34.34
"bus_driver","sneaker",7.2951043039106,194.943363725667,49,0.1,12.27
"bus_driver","sneaker",8.06613421074746,141.547435108216,58,0.1,13.16
"restaurant_staff","clog",7.3495792513129,179.617680377337,27,0.4,31.29
"construction_worker","boot",7.16887946193676,182.433997232913,64,0.7,28.75
"nurse","clog",11.3630855843521,182.375673993521,49,0.5,54.85
"retail_worker","sneaker",7.96131362555123,200.636009419518,38,0.85,37.2
"restaurant_staff","sneaker",8.35117420521103,120.322238184353,22,0.4,34.2
"bus_driver","dress_shoe",5.72487104911834,189.924219903162,20,0.1,9.95
"nurse","clog",9.55404686120965,161.401957869392,62,0.5,44.9
"warehouse_worker","boot",10.2471536221898,147.507486487535,58,0.6,52.1
"construction_worker","boot",7.16224954975874,168.334391049965,26,0.7,27
"restaurant_staff","clog",9.29686863164621,162.569762046232,23,0.4,38.42
"restaurant_staff","clog",5.06411618540982,171.091373432499,29,0.4,20.67
"retail_worker","dress_shoe",4.83998836905388,176.433113462802,28,0.85,23.4
"bus_driver","dress_shoe",5.28205876127263,192.646911234949,61,0.1,8.52
"warehouse_worker","sneaker",7.01669806979653,167.010289393002,41,0.6,32.12
"nurse","sneaker",12.0799766368505,164.263576596965,55,0.5,57.78
"retail_worker","sneaker",4.84325687409417,117.299681826027,60,0.85,21.54
"nurse","sneaker",11.5188254663488,199.270829657854,29,0.5,55.36
"nurse","clog",10.5727835375699,151.640338684689,22,0.5,49.85
"nurse","sneaker",12.8690452080682,163.311414697261,45,0.5,63.35
"retail_worker","sneaker",3.08409230632983,151.534270880747,60,0.85,14.39
"retail_worker","sneaker",2.23344976930145,152.854558400404,35,0.85,10.69
"construction_worker","boot",10.9702974223047,192.652448715213,40,0.7,43.56
"construction_worker","boot",8.42980852454301,226.523831498296,52,0.7,32.82
"nurse","clog",8.67319761839777,200.866933413496,47,0.5,40.84
"warehouse_worker","sneaker",8.63338991319814,203.858734994374,42,0.6,41.74
"bus_driver","dress_shoe",6.67956823231089,172.092406624199,25,0.1,11.4
"restaurant_staff","sneaker",9.12372886827527,174.088019721652,56,0.4,37.96
"warehouse_worker","sneaker",4.64740277211289,178.778943181658,29,0.6,21.07
"warehouse_worker","boot",8.95604800906435,188.619974357823,60,0.6,44.8
"construction_worker","boot",8.97717657603573,158.216345197504,32,0.7,34.78
"retail_worker","dress_shoe",3.80824038724595,165.688699575352,63,0.85,19.18
"construction_worker","boot",11.1661878518533,166.376961954719,20,0.7,44.13
"warehouse_worker","sneaker",7.11215310065402,130.237723535391,27,0.6,32.41
"restaurant_staff","clog",7.28075973119979,188.371739040177,55,0.4,30.19
"retail_worker","sneaker",5.75565161421994,198.769528265324,25,0.85,27.26
"bus_driver","sneaker",5.36863897590005,148.948875639232,33,0.1,8.57
"nurse","clog",12.2058936837548,148.468038622611,58,0.5,58.85
"construction_worker","boot",6.28727873773935,156.54840487942,26,0.7,23.67
"nurse","sneaker",12.4281838103492,182.414865855814,22,0.5,59.47
"construction_worker","boot",9.78813400712367,133.950846725474,28,0.7,37.39
"warehouse_worker","boot",7.35999267060671,142.184941885587,43,0.6,35.17
"nurse","clog",11.525586261993,144.63627157734,27,0.5,55.47
"construction_worker","boot",7.96768786571174,184.184092129773,61,0.7,30.06
"restaurant_staff","clog",6.42377344978286,164.648721381837,54,0.4,26.69
"retail_worker","dress_shoe",2.39669665968489,158.529827244712,41,0.85,11.31
"retail_worker","dress_shoe",5.05920019830631,218.20388002501,52,0.85,23.94
"nurse","sneaker",13,203.976515054419,65,0.5,63.13
"nurse","sneaker",9.3129932725631,181.091481363092,64,0.5,43.92
"retail_worker","sneaker",5.0763781664987,138.617732199971,49,0.85,23.69
"retail_worker","dress_shoe",4.0548246644102,170.441729430555,44,0.85,20.22
"warehouse_worker","boot",9.13308455472051,110.034222613963,64,0.6,44.5
"bus_driver","sneaker",4.89749659111227,168.644325840033,59,0.1,8.12
"bus_driver","dress_shoe",3.81050129146074,204.08559447064,50,0.1,6.76
"warehouse_worker","boot",8.50471661838491,162.195113923075,38,0.6,42.08
"retail_worker","dress_shoe",6.08634880556469,158.490357528884,30,0.85,28.64
"warehouse_worker","boot",9.76899028192408,179.81223996108,57,0.6,48.46
"bus_driver","sneaker",3.53564606764673,213.940700324615,29,0.1,6.21
"construction_worker","boot",8.33920121401174,152.963110863699,41,0.7,32.07
"restaurant_staff","sneaker",7.97680114582262,164.870276677718,42,0.4,33.09
"bus_driver","sneaker",6.49574577819322,174.160065451981,28,0.1,10.39
"restaurant_staff","clog",10.2215289863257,183.874391683982,65,0.4,43.89
"construction_worker","boot",7.58243343800929,179.912634174038,21,0.7,27.68
"warehouse_worker","sneaker",9.04524811076991,160.294818371645,52,0.6,43.63
"nurse","clog",12.3181296045654,167.150249358322,37,0.5,60.54
"bus_driver","dress_shoe",4.92131259861236,173.841343018985,31,0.1,9.13
"nurse","sneaker",13,204.047627973726,27,0.5,63.15
"bus_driver","dress_shoe",7.72050407577074,195.761838690352,50,0.1,14.19
"warehouse_worker","sneaker",10.1979936278228,149.59906575059,37,0.6,49.29
"restaurant_staff","clog",7.97099006664373,163.66676300263,50,0.4,33.38
"bus_driver","dress_shoe",5.41491461574729,126.063643892697,44,0.1,9.59
"construction_worker","boot",7.91262989721402,175.063796353062,34,0.7,30.29
"bus_driver","dress_shoe",7.13429688137648,187.686792154617,45,0.1,11.35
"nurse","sneaker",13,181.287335356295,62,0.5,63.84
"nurse","sneaker",10.3291725935194,181.755335134282,42,0.5,49.14
"bus_driver","dress_shoe",5.68287796548063,183.031618274361,65,0.1,10.41
"bus_driver","dress_shoe",2.62817976123254,194.600409663207,29,0.1,3.91
"bus_driver","dress_shoe",3.76705603629779,184.819974143592,60,0.1,6.28
"construction_worker","boot",6.47539685145387,135.881701622613,33,0.7,24.36
"construction_worker","boot",9.02921888615308,154.006839657342,29,0.7,35.59
"construction_worker","boot",7.6650569274492,168.521246834173,28,0.7,28.93
"retail_worker","sneaker",6.94985802434334,198.26775595834,24,0.85,31.97
"retail_worker","dress_shoe",4.0649873742519,162.445652540022,32,0.85,20.76
"restaurant_staff","clog",9.2682011185343,171.789732594209,27,0.4,38.89
"retail_worker","dress_shoe",5.68194583746232,174.039162424948,23,0.85,27.28
"restaurant_staff","clog",9.38529005488009,152.338641589214,51,0.4,39.25
"nurse","clog",11.4797646406919,190.86027276265,55,0.5,55.97
"nurse","clog",10.80130952741,183.595998607686,35,0.5,52.23
"bus_driver","dress_shoe",4.27727037661775,180.910356258053,41,0.1,6.75
"nurse","sneaker",10.6707756219565,177.484665011324,38,0.5,50.47
"warehouse_worker","boot",8.48607993245997,136.194289121994,58,0.6,42.36
"bus_driver","dress_shoe",6.77890485699658,133.562487624589,51,0.1,12.11
"retail_worker","sneaker",5.09592057371169,168.925363709376,39,0.85,23.01
"nurse","sneaker",12.0802735182438,184.394117563189,55,0.5,56.98
"retail_worker","dress_shoe",6.24837953443453,191.515255215605,40,0.85,30.28
"retail_worker","dress_shoe",5.68788211648852,160.903566008854,62,0.85,27.89
"warehouse_worker","sneaker",6.35597376339446,182.09194282542,34,0.6,29.54
"construction_worker","boot",8.62583539334969,152.036419214521,26,0.7,32.23
"restaurant_staff","clog",9.68080306490033,142.123588815325,35,0.4,40.45
"construction_worker","boot",9.93690805636726,127.905793343807,50,0.7,38.3
"bus_driver","dress_shoe",7.19459050532143,213.197258102081,27,0.1,12.12
"bus_driver","dress_shoe",6.21503541421209,167.005835294608,65,0.1,11.28
"restaurant_staff","sneaker",8.07923429281965,208.326380290764,35,0.4,32.71
"nurse","clog",10.7438930294664,176.710602003491,36,0.5,50.85
"retail_worker","sneaker",9.33308713194423,136.863509655813,37,0.85,43.83
"bus_driver","sneaker",9.57499194295457,178.258270993788,34,0.1,15.37
"construction_worker","boot",6.06050050584492,189.452027569568,45,0.7,23.8
"retail_worker","dress_shoe",3.44535717840269,186.064518771063,33,0.85,16.6
"bus_driver","dress_shoe",3.34700683109763,209.656384325158,26,0.1,6.02
"retail_worker","sneaker",4.88201943384546,186.660537734551,44,0.85,21.91
"restaurant_staff","clog",9.08881149934349,188.172106129167,25,0.4,38.76
"restaurant_staff","clog",7.90654921340173,168.62324992397,21,0.4,31.47
"retail_worker","dress_shoe",4.77539894753236,133.512040114271,63,0.85,23.27
"bus_driver","dress_shoe",9.0128849336089,146.326106427615,51,0.1,15.43
"restaurant_staff","sneaker",7.79193013858974,158.34013593504,20,0.4,31.84
"construction_worker","boot",9.56465574999093,174.207383675789,63,0.7,36.8
"bus_driver","sneaker",5.68888997972598,186.171700047036,42,0.1,9.65
"construction_worker","boot",7.02687648732377,188.836907992781,65,0.7,26.81
"nurse","clog",11.0232399280379,147.229963843952,41,0.5,51.96
"construction_worker","boot",10.8458870864848,142.084686619548,24,0.7,42.47
"bus_driver","sneaker",5.92511898784278,166.221310969544,33,0.1,9.93
"restaurant_staff","clog",9.3009507733664,166.764728029424,51,0.4,39.54
"retail_worker","dress_shoe",6.83396771463548,191.43188253874,42,0.85,33.09
"retail_worker","dress_shoe",3.61476193612839,154.182662020921,37,0.85,17.41
"construction_worker","boot",10.0033043960228,137.33371316205,37,0.7,38.58
"construction_worker","boot",6.61680534787027,142.045034055486,65,0.7,24.64
"bus_driver","dress_shoe",4.32213758921794,186.680396425644,31,0.1,7.42
"nurse","clog",9.87426903099421,181.318357405748,59,0.5,47.05
"restaurant_staff","clog",5.79397126521096,154.638785002174,54,0.4,23.2
"restaurant_staff","sneaker",9.95594723378855,181.442523274814,27,0.4,41.21
"warehouse_worker","boot",8.23802419645633,175.010403827947,49,0.6,41.4
"retail_worker","dress_shoe",5.36824768202806,160.52065182461,33,0.85,25.53
"warehouse_worker","sneaker",9.11987869429946,200.387076260729,56,0.6,44.57
"construction_worker","boot",6.2316809450092,196.268275873749,57,0.7,23.93
"nurse","clog",11.0351885120891,156.994051365782,37,0.5,52.67
"retail_worker","sneaker",7.16210090357938,163.101763998417,36,0.85,33.76
"bus_driver","dress_shoe",6.87592957634934,149.460951638463,65,0.1,12.32
"construction_worker","boot",7.35542309648894,141.104693740006,33,0.7,28.5
"nurse","sneaker",11.657000155319,172.871802550065,23,0.5,55.53
"restaurant_staff","sneaker",10.4038761151505,164.052740426106,60,0.4,44.59
"warehouse_worker","boot",7.87733866179495,144.448995731412,55,0.6,39.54
"warehouse_worker","sneaker",9.06756322078824,149.836606596308,29,0.6,42.87
"restaurant_staff","clog",8.57104582503361,186.622150365515,62,0.4,37.02
"bus_driver","sneaker",2,159.955017167533,25,0.1,3.21
"bus_driver","sneaker",5.91940015028451,235.948508176014,26,0.1,9.09
"nurse","clog",12.7460872446262,179.38909454351,32,0.5,62.21
"retail_worker","dress_shoe",3.40516245686151,129.748872102628,32,0.85,15.58
"warehouse_worker","boot",7.66903495906809,163.507592540037,33,0.6,37.82
"restaurant_staff","sneaker",8.33246876649035,134.152981865239,48,0.4,33.59
"nurse","sneaker",10.524292135929,147.92628319113,21,0.5,48.98
"restaurant_staff","sneaker",9.51074780072253,179.154352705254,64,0.4,40.54
"restaurant_staff","clog",7.57243570337097,198.281125573336,39,0.4,31.08
"retail_worker","dress_shoe",2.72574429933684,140.66645864469,62,0.85,13.05
"retail_worker","sneaker",8.61427184410385,216.919313554239,39,0.85,41.17
"warehouse_worker","sneaker",7.53555784064612,120.314037355767,63,0.6,34.77
"bus_driver","dress_shoe",4.18632880566568,188.302263260457,31,0.1,7.72
"retail_worker","dress_shoe",4.3854140630319,220.464070352707,30,0.85,20.88
"nurse","sneaker",13,190.382590672558,47,0.5,62.5
"nurse","clog",12.2079658282924,206.948426072519,34,0.5,58.85
"restaurant_staff","clog",7.02060074242856,150.719182625272,36,0.4,29.33
"warehouse_worker","sneaker",8.97761600934591,114.477367199842,39,0.6,42.55
"construction_worker","boot",6.66286285012056,136.74361850606,40,0.7,24.88
"construction_worker","boot",6.84784039673365,180.954017627331,28,0.7,25.3
"restaurant_staff","clog",10.5021426754449,153.686449616143,36,0.4,44.9
"bus_driver","dress_shoe",4.02651848581314,197.743031049394,25,0.1,6.15
"nurse","clog",9.54475077200976,168.508761506985,43,0.5,44.84
"bus_driver","sneaker",6.72000468792717,190.851155654827,40,0.1,10.57
"warehouse_worker","sneaker",8.02937010968045,173.809930418085,28,0.6,37.25
"warehouse_worker","sneaker",7.89047041806194,173.908571417859,54,0.6,37.33
"warehouse_worker","boot",7.43605529824062,196.57451188123,62,0.6,37.36
"construction_worker","boot",10.1583882188859,155.63036811123,57,0.7,39.78
"retail_worker","dress_shoe",6.82651490523399,176.600079895017,46,0.85,32.43
"nurse","clog",11.4414117863995,173.205560902491,25,0.5,55.03
"retail_worker","sneaker",5.31667677709435,175.857319023193,52,0.85,24.36
"nurse","sneaker",12.2456156549319,137.758051028664,62,0.5,59.48
"warehouse_worker","sneaker",10.7037768234271,156.235885249654,35,0.6,51.75
"retail_worker","dress_shoe",6.92431102106418,159.208581977407,32,0.85,33.21
"warehouse_worker","sneaker",7.19635669062098,154.441935663146,20,0.6,33.97
"warehouse_worker","sneaker",5.80785229205325,158.601587865585,45,0.6,26.66
"bus_driver","sneaker",5.88151534873383,194.792530062482,58,0.1,9.04
"warehouse_worker","sneaker",10.0346468381718,188.107844729013,56,0.6,48.48
"construction_worker","boot",6.64846434647474,171.139714522234,31,0.7,24.77
"retail_worker","sneaker",3.5073221771255,170.997826617171,63,0.85,15.48
"nurse","sneaker",9.21575322888261,169.44046476569,60,0.5,43.17
"bus_driver","dress_shoe",7.65167896599781,182.443307325066,46,0.1,13.36
"retail_worker","sneaker",6.93760442502335,152.539374570932,61,0.85,32.93
"bus_driver","dress_shoe",7.63751617933821,180.136548558305,56,0.1,14.02
"restaurant_staff","clog",8.78319271008382,171.490841350367,22,0.4,36.77
"bus_driver","sneaker",6.17342561748666,187.779735827717,55,0.1,10.03
"warehouse_worker","boot",7.90055273748792,204.011829263968,24,0.6,38.96
"retail_worker","dress_shoe",6.65312591082435,194.434138868425,27,0.85,32.67
